Niter, simple time, simple error, chebyshev time, chebyshev error, jakobi time, jakobi error, gs time, gs error, conjgrad time, conjgrad error
1,5,34.0123,27,34.0123,4,16.643,3,2.98753,5,14.2669
2,4,21.6477,9,16.809,5,9.50543,5,1.43548,7,8.76742
3,5,15.2991,6,11.5459,8,4.99782,6,0.432833,10,2.16897
4,7,11.3339,8,4.91386,10,2.86443,9,0.130401,13,1.65394
5,8,8.57583,10,2.59614,12,1.5057,9,0.0392862,15,0.848758
6,9,6.56954,12,13.518,15,0.862975,12,0.0118359,18,0.162917
7,12,5.08602,11,2.56263,12,0.453626,13,0.00356582,21,0.0124233
8,11,3.98252,15,1.19858,19,0.259991,17,0.00107428,23,3.77523e-15
9,14,3.15922,19,0.995408,22,0.136665,19,0.000323652,26,1.92368e-16
10,17,2.54291,14,2.92893,18,0.0783281,15,9.75075e-05,28,4.2289e-17
11,13,2.079,16,11.2881,18,0.0411734,22,2.93763e-05,23,5.24531e-18
12,14,1.72666,17,47.6213,25,0.0235981,22,8.85028e-06,30,0
13,19,1.45562,18,4.23896,23,0.0124044,23,2.66635e-06,27,0
14,17,1.24365,19,9.01184,28,0.00710946,21,8.03297e-07,27,0
15,21,1.07468,21,0.906473,26,0.00373711,27,2.42011e-07,26,0
16,19,0.937272,28,0.279931,38,0.00214188,30,7.29114e-08,26,0
17,20,0.823352,25,0.233626,29,0.00112589,25,2.19662e-08,28,0
18,23,0.727254,25,0.41927,35,0.000645291,27,6.61781e-09,33,0
19,24,0.644994,27,7.45762,40,0.000339199,29,1.99376e-09,28,0
20,26,0.573744,27,110.175,39,0.000194408,30,6.00667e-10,27,0
21,28,0.511464,30,61.6021,41,0.000102191,31,1.80964e-10,29,0
22,27,0.456646,30,321.051,43,5.85699e-05,33,5.45196e-11,31,0
23,27,0.40815,31,199.985,44,3.07875e-05,34,1.64253e-11,45,0
24,28,0.365087,36,930.011,41,1.76455e-05,35,4.94846e-12,26,0
25,29,0.326747,33,53.4753,47,9.27542e-06,38,1.49082e-12,27,0
26,30,0.292545,34,111.673,44,5.31611e-06,39,4.49143e-13,26,0
27,31,0.261994,36,39.3805,51,2.79443e-06,41,1.35334e-13,27,0
28,32,0.234679,37,22.7341,47,1.6016e-06,42,4.0747e-14,26,0
29,33,0.210239,38,0.853854,48,8.41884e-07,44,1.22962e-14,30,0
30,35,0.188362,39,0.857901,49,4.82517e-07,44,3.69294e-15,31,0
31,36,0.168773,40,0.0525651,52,2.53637e-07,46,1.13299e-15,26,0
32,37,0.151228,41,0.0155094,53,1.45369e-07,47,3.38312e-16,26,0
33,38,0.135511,46,0.0129439,54,7.64138e-08,49,1.25887e-16,26,0
34,39,0.12143,46,0.0152289,58,4.37957e-08,52,4.19625e-17,26,0
35,40,0.108814,48,0.66514,58,2.30214e-08,52,4.19625e-17,26,0
36,42,0.0975102,48,24.0607,60,1.31945e-08,58,0,27,0
37,42,0.0873811,50,53.0056,62,6.9357e-09,53,0,26,0
38,44,0.0783046,52,390.739,63,3.97513e-09,53,0,26,0
39,56,0.0701712,53,792.559,65,2.08954e-09,53,0,26,0
40,46,0.0628828,53,7980.88,67,1.1976e-09,53,0,26,0
41,48,0.0563515,55,2376.92,68,6.2952e-10,53,0,26,0
42,48,0.0504986,56,6882.48,73,3.60803e-10,53,0,26,0
43,49,0.0452537,57,16282.5,71,1.89657e-10,53,0,26,0
44,51,0.0405536,59,111068,72,1.087e-10,53,0,26,0
45,52,0.0363416,59,22357.7,74,5.71385e-11,53,0,26,0
46,53,0.0325671,65,80379.3,82,3.27484e-11,54,0,32,0
47,54,0.0291847,62,55079.3,78,1.72143e-11,54,0,31,0
48,93,0.0261535,149,192587,123,9.8662e-12,54,0,27,0
49,56,0.0234372,88,9897.25,82,5.18614e-12,58,0,28,0
50,84,0.021003,82,16657.9,84,2.97238e-12,59,0,33,0
51,58,0.0188216,77,11018.5,85,1.56249e-12,57,0,26,0
52,59,0.0168668,67,9303.14,96,8.95527e-13,102,0,35,0
53,81,0.015115,109,813.512,120,4.70791e-13,71,0,35,0
54,82,0.0135451,93,1571.67,122,2.69862e-13,71,0,35,0
55,84,0.0121383,96,167.477,124,1.4185e-13,70,0,35,0
56,86,0.0108776,97,166.018,130,8.13338e-14,71,0,31,0
57,65,0.00974785,74,3.72899,94,4.27415e-14,53,0,26,0
58,67,0.00873543,74,4.87359,96,2.44511e-14,53,0,65,0
59,67,0.00782816,77,0.63627,99,1.28625e-14,53,0,26,0
60,68,0.00701513,76,0.181074,108,7.41241e-15,53,0,26,0
61,69,0.00628653,78,0.00436202,101,3.89867e-15,53,0,26,0
62,69,0.00563361,79,0.0032278,102,2.21926e-15,54,0,26,0
63,71,0.0050485,80,0.000177493,104,1.16441e-15,53,0,26,0
64,73,0.00452415,81,4.76082e-05,105,6.63485e-16,53,0,25,0
65,73,0.00405427,101,3.97332e-05,108,3.46032e-16,53,0,25,0
66,75,0.00363319,89,3.71569e-05,109,2.18043e-16,53,0,26,0
67,76,0.00325585,90,0.00221862,110,1.25887e-16,53,0,29,0
68,86,0.00291769,137,0.122809,162,1.02787e-16,82,0,40,0
69,98,0.00261466,94,0.613662,114,4.19625e-17,53,0,26,0
70,79,0.0023431,98,5.8798,116,0,66,0,33,0
71,80,0.00209974,95,27.6241,116,0,53,0,26,0
72,81,0.00188166,96,315.734,119,0,44,0,25,0
73,82,0.00168623,97,273.333,116,0,53,0,26,0
74,83,0.0015111,98,865.469,115,0,53,0,26,0
75,85,0.00135415,102,6979.43,134,0,71,0,26,0
76,86,0.00121351,120,156954,117,0,53,0,26,0
77,87,0.00108747,103,103650,120,0,52,0,26,0
78,94,0.000974528,103,386748,116,0,53,0,26,0
79,90,0.000873313,104,1.45229e+06,116,0,53,0,25,0
80,99,0.00078261,180,2.23374e+07,135,0,53,0,28,0
81,94,0.000701327,125,4.70449e+06,131,0,52,0,27,0
82,92,0.000628487,107,8.91595e+06,115,0,53,0,26,0
83,93,0.000563212,109,3.94983e+07,116,0,52,0,26,0
84,114,0.000504716,109,2.99818e+08,120,0,53,0,26,0
85,96,0.000452296,110,1.39925e+08,116,0,53,0,26,0
86,98,0.00040532,112,7.37937e+08,117,0,53,0,27,0
87,99,0.000363223,114,6.45178e+08,116,0,53,0,26,0
88,100,0.000325499,115,4.95207e+09,116,0,53,0,27,0
89,101,0.000291692,116,5.93278e+08,116,0,53,0,26,0
90,102,0.000261397,117,1.30949e+09,116,0,53,0,26,0
91,103,0.000234248,118,1.90191e+09,120,0,53,0,36,0
92,115,0.000209919,120,6.46152e+09,116,0,53,0,26,0
93,105,0.000188116,175,1.17976e+09,234,0,53,0,27,0
94,106,0.000168579,126,4.52712e+09,115,0,53,0,26,0
95,107,0.00015107,124,2.10909e+09,115,0,52,0,26,0
96,109,0.00013538,124,7.74171e+09,115,0,52,0,26,0
97,110,0.000121319,124,3.90331e+08,116,0,53,0,26,0
98,110,0.000108719,126,5.68914e+08,115,0,53,0,26,0
99,137,9.74271e-05,128,5.13854e+08,118,0,53,0,26,0
100,113,8.73082e-05,129,5.23669e+08,116,0,53,0,26,0
101,114,7.82403e-05,130,7.29704e+07,117,0,53,0,26,0
102,116,7.01142e-05,131,2.01648e+08,120,0,54,0,26,0
103,116,6.28321e-05,132,3.0857e+07,127,0,66,0,34,0
104,193,5.63063e-05,146,6.426e+07,149,0,64,0,28,0
105,125,5.04583e-05,141,2.69801e+06,133,0,69,0,26,0
106,122,4.52177e-05,135,5.18568e+06,115,0,53,0,26,0
107,120,4.05213e-05,136,1.27649e+06,115,0,53,0,25,0
108,133,3.63127e-05,164,977010,116,0,54,0,30,0
109,122,3.25413e-05,138,40364.8,115,0,54,0,26,0
110,123,2.91615e-05,139,68467.9,119,0,53,0,26,0
111,148,2.61328e-05,158,9580.19,115,0,53,0,26,0
112,126,2.34186e-05,142,6331.52,135,0,54,0,25,0
113,127,2.09863e-05,145,121.728,115,0,53,0,26,0
114,129,1.88067e-05,145,152.358,116,0,53,0,26,0
115,130,1.68534e-05,146,29.3208,116,0,53,0,26,0
116,131,1.5103e-05,148,8.34071,115,0,53,0,26,0
117,132,1.35344e-05,148,0.321242,115,0,52,0,26,0
118,133,1.21287e-05,150,0.278999,116,0,53,0,26,0
119,133,1.0869e-05,151,0.0161055,127,0,52,0,26,0
120,135,9.74014e-06,151,0.00808597,115,0,53,0,26,0
121,137,8.72852e-06,152,0.000126003,115,0,53,0,26,0
122,137,7.82197e-06,154,0.000122801,115,0,52,0,26,0
123,138,7.00957e-06,155,1.17196e-05,115,0,52,0,26,0
124,139,6.28155e-06,156,2.4757e-06,114,0,56,0,26,0
125,141,5.62915e-06,239,5.28189e-08,153,0,53,0,26,0
126,150,5.0445e-06,162,3.33726e-08,227,0,90,0,40,0
127,171,4.52057e-06,165,1.68505e-09,113,0,52,0,26,0
128,143,4.05106e-06,159,4.48598e-10,114,0,53,0,26,0
129,144,3.63032e-06,176,3.74394e-10,120,0,53,0,26,0
130,145,3.25327e-06,174,3.22491e-10,114,0,53,0,26,0
131,147,2.91538e-06,175,2.07529e-08,114,0,54,0,45,0
132,148,2.61259e-06,176,1.30756e-06,115,0,53,0,26,0
133,150,2.34124e-06,177,9.29488e-06,115,0,53,0,26,0
134,151,2.09808e-06,178,9.49693e-05,114,0,52,0,26,0
135,152,1.88017e-06,180,0.000682124,115,0,53,0,26,0
136,153,1.6849e-06,181,0.0079691,115,0,52,0,26,0
137,153,1.5099e-06,182,0.0128598,115,0,52,0,35,0
138,170,1.35308e-06,184,0.0424031,116,0,52,0,26,0
139,156,1.21255e-06,185,0.741773,115,0,53,0,28,0
140,195,1.08661e-06,187,24.744,115,0,53,0,27,0
141,159,9.73756e-07,198,34.9983,114,0,53,0,26,0
142,162,8.72621e-07,237,131.13,156,0,54,0,26,0
143,160,7.8199e-07,191,1497.54,137,0,54,0,27,0
144,224,7.00772e-07,268,41321.2,137,0,64,0,26,0
145,164,6.27989e-07,196,22275.3,116,0,53,0,26,0
146,165,5.62766e-07,193,42487.2,117,0,53,0,26,0
147,166,5.04317e-07,194,668580,116,0,53,0,26,0
148,168,4.51938e-07,195,1.8358e+07,116,0,54,0,26,0
149,171,4.04999e-07,224,2.74364e+07,117,0,53,0,26,0
150,169,3.62936e-07,198,1.66035e+08,117,0,53,0,26,0
151,171,3.25241e-07,199,5.93314e+08,117,0,54,0,26,0
152,172,2.91461e-07,200,8.70226e+09,115,0,54,0,26,0
153,172,2.6119e-07,203,3.22256e+09,117,0,53,0,26,0
154,173,2.34062e-07,203,6.90052e+09,116,0,53,0,41,0
155,173,2.09753e-07,205,5.32285e+10,117,0,59,0,40,0
156,260,1.87967e-07,220,9.1122e+11,138,0,53,0,27,0
157,220,1.68445e-07,208,7.37859e+11,116,0,53,0,26,0
158,178,1.5095e-07,207,3.81607e+12,115,0,52,0,26,0
159,182,1.35272e-07,208,8.82192e+12,115,0,53,0,26,0
160,200,1.21223e-07,209,1.15184e+14,116,0,53,0,26,0
161,180,1.08633e-07,235,2.20272e+13,200,0,65,0,32,0
162,216,9.73499e-08,216,3.36092e+13,117,0,54,0,26,0
163,183,8.72391e-08,212,2.07589e+14,116,0,53,0,26,0
164,184,7.81784e-08,214,1.67722e+15,116,0,54,0,26,0
165,198,7.00587e-08,306,1.24619e+15,116,0,53,0,26,0
166,186,6.27824e-08,216,8.27509e+15,134,0,63,0,26,0
167,244,5.62617e-08,274,8.41335e+15,115,0,53,0,27,0
168,190,5.04183e-08,220,7.39636e+16,123,0,52,0,25,0
169,210,4.51819e-08,281,1.57088e+16,116,0,53,0,26,0
170,209,4.04892e-08,221,4.21574e+16,115,0,53,0,26,0
171,191,3.6284e-08,221,9.04527e+16,116,0,53,0,26,0
172,193,3.25155e-08,222,6.84421e+17,116,0,53,0,26,0
173,194,2.91384e-08,224,1.82161e+17,116,0,53,0,26,0
174,195,2.61121e-08,228,6.8506e+17,116,0,53,0,26,0
175,197,2.34001e-08,239,7.98658e+17,116,0,53,0,26,0
176,197,2.09697e-08,227,5.82438e+18,115,0,53,0,26,0
177,199,1.87918e-08,228,5.80719e+17,115,0,53,0,26,0
178,201,1.68401e-08,339,9.75197e+17,153,0,60,0,33,0
179,227,1.5091e-08,237,2.05584e+18,116,0,53,0,26,0
180,229,1.35237e-08,416,6.6744e+18,116,0,53,0,27,0
181,227,1.21191e-08,254,2.00566e+18,145,0,55,0,26,0
182,204,1.08604e-08,235,9.93753e+18,116,0,53,0,26,0
183,207,9.73242e-09,235,4.79016e+18,116,0,53,0,26,0
184,207,8.72161e-09,237,2.65986e+19,116,0,53,0,26,0
185,226,7.81577e-09,238,2.5515e+18,115,0,53,0,27,0
186,209,7.00402e-09,239,5.89839e+18,115,0,53,0,26,0
187,210,6.27658e-09,240,5.64526e+18,119,0,53,0,26,0
188,211,5.62469e-09,241,1.59799e+19,115,0,52,0,26,0
189,212,5.0405e-09,242,2.25079e+18,115,0,52,0,25,0
190,225,4.51699e-09,266,7.71585e+18,130,0,66,0,36,0
191,305,4.04785e-09,300,3.61848e+18,121,0,54,0,28,0
192,216,3.62744e-09,253,1.21769e+19,153,0,71,0,35,0
193,289,3.25069e-09,416,6.15781e+17,119,0,53,0,27,0
194,217,2.91307e-09,258,8.3106e+17,116,0,53,0,27,0
195,219,2.61052e-09,249,8.80325e+17,117,0,53,0,26,0
196,220,2.33939e-09,250,9.90004e+17,116,0,54,0,26,0
197,225,2.09642e-09,251,1.76954e+17,116,0,53,0,26,0
198,223,1.87868e-09,254,5.8924e+17,116,0,55,0,26,0
199,236,1.68356e-09,254,1.10252e+17,117,0,54,0,26,0
200,224,1.50871e-09,312,3.27396e+17,160,0,71,0,37,0
201,245,1.35201e-09,311,1.99741e+16,123,0,66,0,27,0
202,227,1.21159e-09,262,4.59787e+16,115,0,52,0,26,0
203,246,1.08575e-09,322,1.6625e+16,162,0,75,0,44,0
204,317,9.72985e-10,271,2.33217e+16,116,0,54,0,27,0
205,234,8.7193e-10,260,1.39922e+15,114,0,53,0,26,0
206,231,7.81371e-10,263,3.23103e+15,114,0,53,0,26,0
207,241,7.00217e-10,381,8.60389e+14,160,0,53,0,27,0
208,235,6.27492e-10,266,1.10061e+15,114,0,52,0,26,0
209,234,5.6232e-10,265,3.57021e+13,114,0,53,0,26,0
210,237,5.03917e-10,267,5.59786e+13,115,0,53,0,26,0
211,237,4.5158e-10,268,2.09018e+13,114,0,53,0,27,0
212,244,4.04679e-10,292,1.38405e+13,115,0,51,0,26,0
213,239,3.62648e-10,293,9.5755e+11,114,0,64,0,26,0
214,268,3.24983e-10,326,1.8528e+12,115,0,52,0,26,0
215,238,2.9123e-10,272,2.37694e+11,120,0,53,0,26,0
216,244,2.60983e-10,273,2.88376e+11,135,0,52,0,26,0
217,249,2.33877e-10,275,7.87345e+09,114,0,54,0,26,0
218,243,2.09586e-10,303,1.20975e+10,116,0,53,0,27,0
219,245,1.87819e-10,276,2.85302e+09,115,0,53,0,26,0
220,250,1.68312e-10,277,1.47081e+09,115,0,53,0,26,0
221,259,1.50831e-10,291,6.71775e+07,196,0,72,0,37,0
222,258,1.35165e-10,291,1.01052e+08,115,0,53,0,26,0
223,249,1.21127e-10,283,1.08222e+07,114,0,56,0,26,0
224,251,1.08547e-10,283,8.32079e+06,114,0,53,0,26,0
225,252,9.72729e-11,309,153901,122,0,65,0,26,0
226,262,8.717e-11,417,180009,190,0,52,0,26,0
227,272,7.81165e-11,337,41876.1,131,0,53,0,26,0
228,258,7.00033e-11,289,11853.1,115,0,53,0,26,0
229,255,6.27327e-11,308,586.997,115,0,53,0,26,0
230,261,5.62172e-11,291,562.036,116,0,53,0,26,0
231,259,5.03784e-11,293,34.0067,116,0,53,0,26,0
232,260,4.5146e-11,327,24.639,115,0,53,0,31,0
233,271,4.04571e-11,295,0.506503,140,0,57,0,26,0
234,351,3.62553e-11,383,0.589875,224,0,72,0,36,0
235,355,3.24898e-11,419,0.0656766,160,0,72,0,36,0
236,368,2.91153e-11,359,0.0215765,120,0,53,0,30,0
237,352,2.60914e-11,367,0.00051423,116,0,52,0,27,0
238,269,2.33815e-11,314,0.000499059,170,0,76,0,38,0
239,402,2.09531e-11,456,3.87796e-05,173,0,78,0,41,0
240,421,1.87769e-11,469,1.39365e-05,173,0,77,0,40,0
241,403,1.68267e-11,448,1.89084e-07,171,0,72,0,38,0
242,286,1.5079e-11,315,1.89798e-07,114,0,53,0,26,0
243,272,1.35129e-11,364,2.38132e-08,165,0,72,0,38,0
244,367,1.21094e-11,405,4.45222e-09,156,0,72,0,35,0
245,406,1.08516e-11,434,1.30362e-10,116,0,53,0,26,0
246,276,9.72455e-12,310,7.9796e-11,118,0,53,0,25,0
247,298,8.71452e-12,309,3.61108e-12,115,0,53,0,26,0
248,279,7.8094e-12,310,1.41127e-12,116,0,53,0,26,0
249,279,6.99832e-12,311,1.95429e-14,116,0,53,0,26,0
250,279,6.27146e-12,316,1.68448e-14,116,0,53,0,26,0
251,293,5.62011e-12,312,1.41557e-15,117,0,53,0,26,0
252,330,5.03642e-12,433,5.5193e-16,163,0,71,0,38,0
253,351,4.5133e-12,413,5.93439e-17,117,0,53,0,27,0
254,283,4.04453e-12,318,1.6785e-16,133,0,53,0,26,0
255,285,3.62449e-12,319,1.18688e-16,115,0,53,0,26,0
256,289,3.24809e-12,284,0,116,0,53,0,26,0
257,287,2.91074e-12,401,0,134,0,67,0,37,0
258,300,2.60843e-12,333,0,115,0,52,0,26,0
259,290,2.33755e-12,366,0,116,0,52,0,25,0
260,294,2.09478e-12,338,0,115,0,53,0,26,0
261,321,1.8772e-12,348,2.71948e-16,115,0,53,0,29,0
262,293,1.68225e-12,391,8.25851e-15,158,0,72,0,36,0
263,412,1.50757e-12,625,7.92333e-14,117,0,53,0,26,0
264,337,1.35099e-12,388,8.69242e-13,160,0,72,0,37,0
265,360,1.21064e-12,380,1.819e-12,116,0,53,0,27,0
266,297,1.08487e-12,353,5.60245e-12,114,0,53,0,26,0
267,297,9.72204e-13,354,1.40458e-10,115,0,53,0,26,0
268,303,8.71234e-13,354,5.05369e-09,125,0,72,0,55,0
269,404,7.80762e-13,371,1.03269e-08,127,0,71,0,36,0
270,423,6.99698e-13,506,3.59507e-08,158,0,73,0,37,0
271,411,6.27005e-13,502,7.48516e-07,157,0,71,0,37,0
272,339,5.61857e-13,460,2.54171e-05,129,0,55,0,31,0
273,325,5.03499e-13,390,2.31722e-05,126,0,58,0,26,0
274,326,4.51217e-13,390,4.15511e-05,120,0,58,0,26,0
275,328,4.04365e-13,414,0.00135753,124,0,53,0,25,0
276,315,3.62356e-13,372,0.0651857,115,0,55,0,26,0
277,316,3.24716e-13,368,0.197978,115,0,53,0,26,0
278,311,2.91003e-13,554,1.28947,115,0,54,0,29,0
279,356,2.60796e-13,553,11.1485,156,0,75,0,38,0
280,421,2.33709e-13,490,209.973,163,0,72,0,36,0
281,430,2.0943e-13,522,158.906,177,0,71,0,37,0
282,361,1.87684e-13,459,319.15,116,0,54,0,28,0
283,326,1.68176e-13,386,7140.99,123,0,52,0,26,0
284,319,1.50706e-13,374,277269,122,0,71,0,34,0
285,362,1.35087e-13,381,597517,115,0,57,0,36,0
286,419,1.21086e-13,521,3.59821e+06,159,0,65,0,28,0
287,326,1.08537e-13,397,2.39674e+07,117,0,53,0,26,0
288,325,9.72817e-14,410,4.42064e+08,140,0,60,0,27,0
289,409,8.71664e-14,563,2.02495e+08,169,0,78,0,39,0
290,478,7.80869e-14,580,2.90858e+08,175,0,78,0,40,0
291,522,6.99762e-14,592,6.25421e+09,171,0,81,0,40,0
292,474,6.27073e-14,539,1.77928e+11,368,0,72,0,36,0
293,400,5.61935e-14,554,4.07254e+11,161,0,73,0,37,0
294,447,5.03566e-14,557,3.23652e+12,165,0,71,0,36,0
295,463,4.50891e-14,542,1.14753e+13,188,0,78,0,40,0
296,477,4.03948e-14,560,1.452e+14,159,0,72,0,35,0
297,442,3.62108e-14,465,8.86002e+13,158,0,71,0,35,0
298,532,3.24641e-14,580,2.40852e+14,172,0,75,0,39,0
299,457,2.91245e-14,569,2.15677e+15,166,0,77,0,36,0
300,439,2.61339e-14,551,5.30226e+16,178,0,72,0,37,0
301,415,2.3435e-14,557,4.91253e+16,165,0,72,0,37,0
302,458,2.10286e-14,538,2.13242e+17,146,0,64,0,33,0
303,405,1.88817e-14,671,1.02007e+18,169,0,74,0,38,0
304,497,1.69011e-14,591,1.9203e+19,156,0,67,0,37,0
305,687,1.51203e-14,642,5.7598e+18,167,0,75,0,35,0
306,492,1.35438e-14,596,9.12902e+18,165,0,73,0,38,0
307,469,1.21683e-14,680,1.00192e+20,161,0,57,0,26,0
308,481,1.0922e-14,427,1.65787e+21,118,0,53,0,26,0
309,351,9.76467e-15,405,2.10782e+21,116,0,53,0,27,0
310,353,8.773e-15,405,1.46761e+22,117,0,53,0,26,0
311,372,7.87524e-15,408,3.15891e+22,117,0,53,0,26,0
312,355,7.01028e-15,500,3.66897e+23,161,0,59,0,27,0
313,370,6.22167e-15,422,1.33839e+23,140,0,59,0,26,0
314,528,5.5456e-15,543,3.41726e+23,166,0,75,0,38,0
315,505,4.95535e-15,594,1.79419e+24,166,0,75,0,36,0
316,370,4.43876e-15,513,2.87157e+25,159,0,62,0,26,0
317,356,3.98406e-15,415,1.73606e+25,114,0,52,0,26,0
318,383,3.57944e-15,417,7.5284e+25,115,0,53,0,26,0
319,359,3.19611e-15,415,1.99567e+26,114,0,53,0,26,0
320,378,2.84766e-15,575,2.8297e+27,116,0,53,0,27,0
321,429,2.57078e-15,437,5.30289e+26,117,0,53,0,27,0
322,365,2.33119e-15,421,7.22469e+26,117,0,53,0,26,0
323,525,2.11411e-15,557,5.26737e+27,117,0,65,0,27,0
324,439,1.93403e-15,472,4.38905e+28,115,0,53,0,26,0
325,368,1.73486e-15,422,4.15266e+28,116,0,53,0,25,0
326,404,1.52991e-15,425,3.12529e+29,116,0,53,0,30,0
327,421,1.38365e-15,596,3.45807e+29,160,0,72,0,37,0
328,450,1.25905e-15,487,3.04861e+30,116,0,54,0,27,0
329,400,1.14862e-15,432,8.85145e+29,117,0,53,0,26,0
330,370,1.01429e-15,430,2.62598e+30,117,0,54,0,26,0
331,373,8.49935e-16,432,6.93662e+30,117,0,57,0,26,0
332,384,7.23473e-16,431,7.56541e+31,116,0,53,0,26,0
333,474,6.5849e-16,502,2.46837e+31,115,0,53,0,26,0
334,374,6.33967e-16,431,8.7626e+31,116,0,53,0,26,0
335,380,6.14217e-16,577,1.68526e+32,167,0,76,0,46,0
336,390,5.39426e-16,473,1.74545e+33,146,0,53,0,27,0
337,397,4.67745e-16,462,2.62432e+32,117,0,53,0,26,0
338,398,4.30499e-16,440,4.82222e+32,116,0,53,0,26,0
339,384,3.94202e-16,493,1.58642e+33,115,0,53,0,27,0
340,380,3.59141e-16,442,1.00481e+34,116,0,53,0,26,0
341,382,3.25716e-16,610,4.5307e+33,159,0,71,0,35,0
342,519,2.94486e-16,673,2.42643e+34,182,0,71,0,37,0
343,516,2.66222e-16,631,2.29922e+34,161,0,71,0,37,0
344,404,2.41967e-16,464,1.96675e+35,117,0,54,0,26,0
345,387,2.41967e-16,445,2.91169e+34,116,0,52,0,26,0
346,387,2.41967e-16,469,6.4152e+34,116,0,57,0,29,0
347,391,2.41967e-16,451,1.37879e+35,116,0,53,0,25,0
348,391,2.41967e-16,453,7.98375e+35,115,0,53,0,26,0
349,510,2.41967e-16,485,2.39222e+35,117,0,71,0,37,0
350,433,2.41967e-16,457,1.04427e+36,116,0,53,0,26,0
351,395,2.41967e-16,535,9.65844e+35,177,0,70,0,35,0
352,531,2.41967e-16,643,7.2206e+36,158,0,72,0,35,0
353,514,2.41967e-16,457,6.86992e+35,116,0,53,0,26,0
354,401,2.41967e-16,453,1.00334e+36,116,0,53,0,26,0
355,425,2.41967e-16,455,2.55445e+36,116,0,53,0,26,0
356,468,2.41967e-16,559,8.08072e+36,122,0,57,0,26,0
357,396,2.41967e-16,487,3.13526e+36,121,0,62,0,27,0
358,456,2.41967e-16,491,1.77581e+37,125,0,53,0,30,0
359,425,2.41967e-16,489,8.73191e+36,122,0,56,0,30,0
360,428,2.41967e-16,608,5.43525e+37,169,0,72,0,35,0
361,545,2.41967e-16,518,7.13933e+36,115,0,55,0,26,0
362,402,2.41967e-16,643,1.9014e+37,116,0,54,0,27,0
363,455,2.41967e-16,492,2.0904e+37,116,0,53,0,32,0
364,523,2.41967e-16,527,9.0685e+37,149,0,55,0,26,0
365,416,2.41967e-16,476,1.45516e+37,115,0,53,0,26,0
366,431,2.41967e-16,485,4.85134e+37,116,0,54,0,27,0
367,422,2.41967e-16,471,3.69402e+37,119,0,54,0,26,0
368,412,2.41967e-16,474,1.71701e+38,124,0,53,0,26,0
369,429,2.41967e-16,625,1.2934e+37,158,0,96,0,36,0
370,562,2.41967e-16,651,2.22122e+37,157,0,74,0,36,0
371,560,2.41967e-16,667,3.0208e+37,146,0,72,0,36,0
372,506,2.41967e-16,535,7.12229e+37,126,0,53,0,34,0
373,488,2.41967e-16,511,1.55563e+37,142,0,54,0,27,0
374,450,2.41967e-16,488,6.739e+37,140,0,52,0,26,0
375,422,2.41967e-16,485,2.69446e+37,117,0,53,0,26,0
376,423,2.41967e-16,509,1.24445e+38,140,0,71,0,56,0
377,519,2.41967e-16,643,9.79215e+36,177,0,67,0,37,0
378,564,2.41967e-16,759,2.10724e+37,184,0,79,0,32,0
379,452,2.41967e-16,490,1.80528e+37,115,0,53,0,26,0
380,464,2.41967e-16,599,4.2981e+37,139,0,53,0,30,0
381,448,2.41967e-16,490,5.91088e+36,133,0,53,0,26,0
382,443,2.41967e-16,633,2.039e+37,116,0,53,0,26,0
383,436,2.41967e-16,611,8.7197e+36,117,0,53,0,26,0
384,427,2.41967e-16,515,2.97335e+37,116,0,55,0,28,0
385,429,2.41967e-16,503,1.51101e+36,116,0,68,0,63,0
386,511,2.41967e-16,500,1.96049e+36,116,0,53,0,27,0
387,454,2.41967e-16,503,2.25185e+36,115,0,53,0,26,0
388,437,2.41967e-16,494,2.66465e+36,115,0,53,0,26,0
389,434,2.41967e-16,520,5.42048e+35,116,0,53,0,26,0
390,449,2.41967e-16,656,1.98569e+36,120,0,54,0,27,0
391,523,2.41967e-16,517,4.13182e+35,117,0,53,0,27,0
392,442,2.41967e-16,504,1.44195e+36,132,0,53,0,26,0
393,442,2.41967e-16,503,1.07434e+35,126,0,55,0,26,0
394,473,2.41967e-16,546,2.68814e+35,209,0,53,0,26,0
395,443,2.41967e-16,538,1.19381e+35,115,0,52,0,26,0
396,446,2.41967e-16,505,2.3151e+35,115,0,53,0,26,0
397,445,2.41967e-16,505,1.70787e+34,116,0,53,0,25,0
398,445,2.41967e-16,526,4.34736e+34,114,0,53,0,25,0
399,443,2.41967e-16,505,1.64798e+34,115,0,63,0,36,0
400,477,2.41967e-16,553,3.03882e+34,120,0,58,0,28,0
401,514,2.41967e-16,545,1.33638e+33,126,0,54,0,32,0
402,478,2.41967e-16,551,2.30039e+33,124,0,55,0,30,0
403,480,2.41967e-16,680,1.26134e+33,144,0,93,0,49,0
404,534,2.41967e-16,620,1.37146e+33,116,0,52,0,27,0
405,452,2.41967e-16,519,1.35708e+32,116,0,53,0,26,0
406,467,2.41967e-16,516,3.7528e+32,116,0,56,0,26,0
407,452,2.41967e-16,518,7.88536e+31,116,0,53,0,26,0
408,454,2.41967e-16,516,1.63209e+32,115,0,52,0,26,0
409,461,2.41967e-16,521,6.5232e+30,116,0,53,0,26,0
410,521,2.41967e-16,528,1.14236e+31,124,0,53,0,26,0
411,462,2.41967e-16,648,4.87712e+30,122,0,66,0,35,0
412,683,2.41967e-16,722,4.59755e+30,159,0,72,0,35,0
413,623,2.41967e-16,736,3.61693e+29,158,0,70,0,35,0
414,556,2.41967e-16,528,8.78949e+29,144,0,53,0,25,0
415,500,2.41967e-16,573,1.65623e+29,120,0,57,0,29,0
416,502,2.41967e-16,712,2.69045e+29,124,0,54,0,27,0
417,499,2.41967e-16,581,8.10161e+27,117,0,69,0,30,0
418,482,2.41967e-16,552,1.10612e+28,116,0,53,0,26,0
419,467,2.41967e-16,757,5.05367e+27,157,0,71,0,34,0
420,562,2.41967e-16,533,3.07965e+27,116,0,53,0,26,0
421,540,2.41967e-16,533,2.76158e+26,114,0,53,0,27,0
422,513,2.41967e-16,533,5.60564e+26,114,0,53,0,27,0
423,470,2.41967e-16,553,6.85344e+25,123,0,53,0,26,0
424,477,2.41967e-16,535,1.11275e+26,116,0,53,0,26,0
425,581,2.41967e-16,542,4.00224e+24,115,0,53,0,26,0
426,474,2.41967e-16,557,7.16844e+24,116,0,53,0,26,0
427,485,2.41967e-16,630,1.77088e+24,176,0,71,0,36,0
428,644,2.41967e-16,698,1.36057e+24,132,0,53,0,29,0
429,522,2.41967e-16,542,6.40275e+22,115,0,54,0,26,0
430,481,2.41967e-16,540,1.20816e+23,115,0,53,0,26,0
431,493,2.41967e-16,552,1.9905e+22,115,0,53,0,26,0
432,484,2.41967e-16,562,1.8699e+22,116,0,53,0,26,0
433,485,2.41967e-16,601,4.48612e+20,115,0,64,0,26,0
434,514,2.41967e-16,556,6.00692e+20,117,0,53,0,26,0
435,487,2.41967e-16,682,1.82429e+20,158,0,71,0,35,0
436,673,2.41967e-16,671,8.20654e+19,116,0,53,0,26,0
437,495,2.41967e-16,572,5.12152e+18,116,0,53,0,26,0
438,491,2.41967e-16,570,7.77163e+18,116,0,53,0,26,0
439,493,2.41967e-16,553,7.44837e+17,119,0,53,0,26,0
440,498,2.41967e-16,555,8.07649e+17,200,0,96,0,28,0
441,537,2.41967e-16,591,2.13309e+16,116,0,53,0,27,0
442,494,2.41967e-16,556,3.21806e+16,114,0,53,0,26,0
443,495,2.41967e-16,744,6.10438e+15,158,0,71,0,35,0
444,642,2.41967e-16,563,3.11082e+15,117,0,53,0,26,0
445,492,2.41967e-16,559,1.19604e+14,116,0,53,0,26,0
446,566,2.41967e-16,564,1.76152e+14,144,0,53,0,26,0
447,500,2.41967e-16,573,2.01885e+13,115,0,52,0,26,0
448,514,2.41967e-16,572,1.40236e+13,115,0,53,0,26,0
449,500,2.41967e-16,566,2.57394e+11,115,0,53,0,26,0
450,507,2.41967e-16,565,2.88203e+11,116,0,53,0,26,0
451,507,2.41967e-16,733,7.36428e+10,117,0,57,0,35,0
452,681,2.41967e-16,603,2.07612e+10,114,0,53,0,26,0
453,507,2.41967e-16,586,1.16939e+09,115,0,53,0,26,0
454,513,2.41967e-16,756,1.17979e+09,135,0,56,0,27,0
455,543,2.41967e-16,594,7.34145e+07,118,0,54,0,26,0
456,520,2.41967e-16,578,6.44333e+07,115,0,53,0,26,0
457,513,2.41967e-16,577,1.5589e+06,115,0,53,0,26,0
458,566,2.41967e-16,588,2.01483e+06,115,0,53,0,26,0
459,638,2.41967e-16,790,247522,158,0,70,0,35,0
460,698,2.41967e-16,657,105199,116,0,54,0,27,0
461,513,2.41967e-16,581,2733.82,115,0,53,0,26,0
462,515,2.41967e-16,577,3278.67,115,0,54,0,26,0
463,522,2.41967e-16,590,333.25,115,0,53,0,26,0
464,519,2.41967e-16,582,147.288,115,0,53,0,26,0
465,517,2.41967e-16,788,2.42337,117,0,53,0,27,0
466,525,2.41967e-16,718,2.78092,158,0,71,0,36,0
467,649,2.41967e-16,693,0.426921,131,0,53,0,25,0
468,572,2.41967e-16,644,0.112697,122,0,68,0,27,0
469,596,2.41967e-16,696,0.00388306,192,0,74,0,36,0
470,705,2.41967e-16,799,0.00345152,133,0,72,0,36,0
471,720,2.41967e-16,765,0.000216756,120,0,57,0,27,0
472,621,2.41967e-16,711,0.000115085,121,0,56,0,35,0
473,659,2.41967e-16,599,1.87897e-06,116,0,76,0,26,0
474,569,2.41967e-16,627,2.04724e-06,116,0,53,0,27,0
475,527,2.41967e-16,591,2.46982e-07,119,0,53,0,26,0
476,549,2.41967e-16,711,6.4039e-08,116,0,54,0,26,0
477,534,2.41967e-16,599,1.75138e-09,115,0,52,0,26,0
478,535,2.41967e-16,614,1.48154e-09,116,0,54,0,26,0
479,538,2.41967e-16,597,9.46652e-11,116,0,53,0,26,0
480,538,2.41967e-16,596,3.93621e-11,175,0,96,0,30,0
481,591,2.41967e-16,622,5.14913e-13,157,0,71,0,36,0
482,655,2.41967e-16,643,5.08196e-13,117,0,66,0,27,0
483,590,2.41967e-16,675,7.24531e-14,141,0,52,0,26,0
484,542,2.41967e-16,602,1.28642e-14,115,0,53,0,26,0
485,541,2.41967e-16,633,4.5195e-16,116,0,53,0,26,0
486,543,2.41967e-16,604,4.83935e-16,115,0,53,0,26,0
487,546,2.41967e-16,606,1.45362e-16,116,0,53,0,26,0
488,655,2.41967e-16,905,3.02596e-16,131,0,54,0,26,0
489,563,2.41967e-16,612,9.3831e-17,116,0,53,0,26,0
490,565,2.41967e-16,610,3.68219e-16,116,0,53,0,26,0
491,560,2.41967e-16,609,2.09812e-16,115,0,53,0,26,0
492,551,2.41967e-16,635,3.46032e-16,115,0,53,0,26,0
493,548,2.41967e-16,673,4.19625e-17,116,0,53,0,26,0
494,556,2.41967e-16,599,0,166,0,73,0,37,0
495,725,2.41967e-16,676,0,117,0,53,0,27,0
496,578,2.41967e-16,662,2.68691e-16,120,0,56,0,26,0
497,806,2.41967e-16,670,0,123,0,53,0,27,0
498,785,2.41967e-16,558,0,117,0,54,0,27,0
499,841,2.41967e-16,462,0,149,0,60,0,26,0
500,591,2.41967e-16,463,0,125,0,57,0,26,0
501,578,2.41967e-16,419,0,114,0,53,0,26,0
502,591,2.41967e-16,425,0,115,0,83,0,36,0
503,611,2.41967e-16,398,0,113,0,53,0,26,0
504,595,2.41967e-16,413,0,114,0,57,0,33,0
505,582,2.41967e-16,343,0,122,0,53,0,26,0
506,604,2.41967e-16,394,0,115,0,53,0,26,0
507,586,2.41967e-16,343,0,115,0,53,0,26,0
508,566,2.41967e-16,343,0,116,0,53,0,26,0
509,573,2.41967e-16,306,0,116,0,57,0,25,0
510,601,2.41967e-16,308,0,128,0,52,0,26,0
511,567,2.41967e-16,438,0,115,0,53,0,26,0
512,695,2.41967e-16,362,0,154,0,54,0,36,0
513,653,2.41967e-16,355,0,115,0,53,0,26,0
514,578,2.41967e-16,341,0,124,0,53,0,26,0
515,576,2.41967e-16,370,0,115,0,53,0,26,0
516,576,2.41967e-16,373,0,115,0,53,0,26,0
517,579,2.41967e-16,369,0,115,0,53,0,26,0
518,581,2.41967e-16,393,0,115,0,53,0,26,0
519,585,2.41967e-16,414,0,116,0,53,0,26,0
520,584,2.41967e-16,383,0,114,0,56,0,34,0
521,703,2.41967e-16,485,0,114,0,52,0,26,0
522,589,2.41967e-16,402,0,115,0,53,0,26,0
523,590,2.41967e-16,420,0,115,0,66,0,27,0
524,596,2.41967e-16,419,0,115,0,53,0,26,0
525,586,2.41967e-16,450,0,126,0,53,0,26,0
526,877,2.41967e-16,464,0,116,0,53,0,27,0
527,595,2.41967e-16,484,0,115,0,53,0,26,0
528,593,2.41967e-16,480,0,115,0,53,0,26,0
529,662,2.41967e-16,577,0,116,0,53,0,26,0
530,597,2.41967e-16,523,0,116,0,53,0,26,0
531,610,2.41967e-16,562,0,115,0,53,0,26,0
532,605,2.41967e-16,708,2.09938e-15,120,0,53,0,25,0
533,598,2.41967e-16,733,2.78348e-16,115,0,53,0,25,0
534,594,2.41967e-16,581,0,114,0,53,0,26,0
535,595,2.41967e-16,711,7.18282e-16,124,0,53,0,26,0
536,598,2.41967e-16,880,3.93643e-16,148,0,75,0,40,0
537,834,2.41967e-16,737,5.93439e-17,119,0,53,0,26,0
538,599,2.41967e-16,688,0,114,0,53,0,26,0
539,600,2.41967e-16,715,7.2195e-16,117,0,59,0,26,0
540,609,2.41967e-16,719,3.27288e-14,115,0,53,0,26,0
541,603,2.41967e-16,717,1.12665e-13,115,0,53,0,26,0
542,614,2.41967e-16,718,7.04662e-13,116,0,53,0,26,0
543,767,2.41967e-16,733,8.35889e-12,115,0,53,0,27,0
544,625,2.41967e-16,764,1.7147e-10,116,0,56,0,26,0
545,606,2.41967e-16,724,1.27325e-10,114,0,59,0,35,0
546,647,2.41967e-16,732,1.65293e-10,116,0,53,0,27,0
547,623,2.41967e-16,771,7.02064e-09,126,0,60,0,26,0
548,725,2.41967e-16,744,3.63694e-07,120,0,61,0,26,0
549,620,2.41967e-16,845,1.60551e-06,121,0,54,0,27,0
550,634,2.41967e-16,735,1.38461e-05,116,0,53,0,27,0
551,613,2.41967e-16,730,0.000103392,116,0,53,0,26,0
552,619,2.41967e-16,739,0.0015313,116,0,54,0,36,0
553,618,2.41967e-16,770,0.00177152,116,0,53,0,26,0
554,618,2.41967e-16,753,0.0046837,119,0,53,0,26,0
555,621,2.41967e-16,734,0.100694,116,0,53,0,26,0
556,620,2.41967e-16,893,4.00844,140,0,61,0,27,0
557,626,2.41967e-16,741,8.057,116,0,53,0,26,0
558,623,2.41967e-16,791,37.9016,127,0,53,0,25,0
559,637,2.41967e-16,750,440.771,114,0,53,0,26,0
560,626,2.41967e-16,756,11255.4,115,0,53,0,26,0
561,626,2.41967e-16,740,6758.08,115,0,53,0,26,0
562,633,2.41967e-16,750,9677.76,115,0,66,0,34,0
563,726,2.41967e-16,786,293176,117,0,53,0,26,0
564,643,2.41967e-16,786,1.18941e+07,117,0,53,0,26,0
565,636,2.41967e-16,752,3.821e+07,117,0,53,0,26,0
566,635,2.41967e-16,756,3.12068e+08,128,0,53,0,26,0
567,635,2.41967e-16,750,1.76445e+09,116,0,53,0,26,0
568,636,2.41967e-16,750,2.55263e+10,115,0,66,0,26,0
569,690,2.41967e-16,879,2.2114e+10,116,0,54,0,26,0
570,642,2.41967e-16,755,5.79047e+10,133,0,53,0,26,0
571,639,2.41967e-16,760,9.14554e+11,116,0,52,0,26,0
572,641,2.41967e-16,754,3.14735e+13,115,0,53,0,36,0
573,649,2.41967e-16,764,4.92436e+13,116,0,53,0,27,0
574,661,2.41967e-16,761,2.33661e+14,117,0,53,0,26,0
575,657,2.41967e-16,761,1.91989e+15,116,0,53,0,26,0
576,761,2.41967e-16,766,4.37251e+16,117,0,52,0,28,0
577,661,2.41967e-16,762,1.92173e+16,116,0,53,0,26,0
578,642,2.41967e-16,777,2.38133e+16,157,0,59,0,37,0
579,722,2.41967e-16,769,5.9131e+17,116,0,53,0,27,0
580,653,2.41967e-16,767,1.68626e+19,116,0,53,0,26,0
581,663,2.41967e-16,777,4.7939e+19,116,0,53,0,26,0
582,653,2.41967e-16,887,4.39555e+20,126,0,78,0,27,0
583,652,2.41967e-16,910,1.55633e+21,130,0,53,0,26,0
584,691,2.41967e-16,797,1.80787e+22,117,0,53,0,26,0
585,671,2.41967e-16,771,1.44985e+22,115,0,53,0,26,0
586,649,2.41967e-16,775,4.48218e+22,137,0,53,0,26,0
587,660,2.41967e-16,776,4.35878e+23,127,0,67,0,27,0
588,868,2.41967e-16,1125,1.18221e+25,159,0,71,0,36,0
589,894,2.41967e-16,818,1.17457e+25,118,0,53,0,27,0
590,670,2.41967e-16,777,4.62801e+25,116,0,53,0,26,0
591,660,2.41967e-16,772,3.26916e+26,116,0,52,0,26,0
592,668,2.41967e-16,774,7.50847e+27,116,0,53,0,26,0
593,668,2.41967e-16,776,3.08049e+27,115,0,52,0,26,0
594,679,2.41967e-16,1040,5.43751e+27,159,0,71,0,36,0
595,738,2.41967e-16,782,7.58393e+28,116,0,56,0,26,0
596,680,2.41967e-16,782,1.86789e+30,115,0,53,0,26,0
597,661,2.41967e-16,866,2.93946e+30,115,0,53,0,26,0
598,832,2.41967e-16,793,1.93084e+31,115,0,53,0,26,0
599,685,2.41967e-16,783,6.89277e+31,116,0,67,0,26,0
600,680,2.41967e-16,1072,9.89488e+32,159,0,71,0,36,0
601,877,2.41967e-16,808,4.50768e+32,116,0,53,0,26,0
602,679,2.41967e-16,797,1.02644e+33,114,0,53,0,25,0
603,677,2.41967e-16,809,9.73268e+33,115,0,53,0,26,0
604,682,2.41967e-16,799,2.25224e+35,116,0,53,0,26,0
605,707,2.41967e-16,802,2.39207e+35,115,0,53,0,27,0
606,685,2.41967e-16,1104,1.22105e+36,160,0,72,0,36,0
607,817,2.41967e-16,897,4.80659e+36,195,0,79,0,43,0
608,750,2.41967e-16,914,8.05201e+37,145,0,53,0,26,0
609,706,2.41967e-16,1045,2.2807e+37,165,0,76,0,30,0
610,795,2.41967e-16,1042,3.08846e+37,160,0,72,0,36,0
611,873,2.41967e-16,1148,4.01598e+38,161,0,85,0,35,0
612,860,2.41967e-16,808,6.41679e+39,120,0,52,0,26,0
613,685,2.41967e-16,820,1.02505e+40,117,0,53,0,26,0
614,683,2.41967e-16,986,8.33762e+40,149,0,53,0,27,0
615,724,2.41967e-16,825,1.73408e+41,117,0,53,0,27,0
616,697,2.41967e-16,807,1.8363e+42,116,0,53,0,26,0
617,822,2.41967e-16,1041,8.80291e+41,117,0,53,0,27,0
618,689,2.41967e-16,805,2.59039e+42,116,0,53,0,26,0
619,698,2.41967e-16,883,1.41776e+43,116,0,67,0,34,0
620,900,2.41967e-16,897,2.68986e+44,117,0,74,0,27,0
621,698,2.41967e-16,814,1.67221e+44,116,0,53,0,26,0
622,700,2.41967e-16,809,6.46062e+44,135,0,53,0,26,0
623,896,2.41967e-16,852,2.4969e+45,116,0,53,0,27,0
624,704,2.41967e-16,828,4.28785e+46,118,0,54,0,26,0
625,699,2.41967e-16,954,1.11754e+46,125,0,63,0,30,0
626,789,2.41967e-16,847,1.96054e+46,116,0,54,0,26,0
627,702,2.41967e-16,822,1.53127e+47,116,0,53,0,26,0
628,709,2.41967e-16,916,2.17383e+48,223,0,71,0,36,0
629,883,2.41967e-16,876,2.11191e+48,117,0,53,0,41,0
630,727,2.41967e-16,828,1.31982e+49,117,0,53,0,26,0
631,707,2.41967e-16,824,2.68434e+49,121,0,53,0,26,0
632,708,2.41967e-16,826,3.23278e+50,117,0,53,0,26,0
633,707,2.41967e-16,1003,9.7143e+49,148,0,54,0,27,0
634,742,2.41967e-16,961,2.25344e+50,116,0,53,0,26,0
635,715,2.41967e-16,856,1.17051e+51,117,0,53,0,26,0
636,717,2.41967e-16,828,1.69901e+52,119,0,53,0,26,0
637,726,2.41967e-16,929,1.0848e+52,165,0,72,0,36,0
638,891,2.41967e-16,884,5.11766e+52,118,0,53,0,27,0
639,727,2.41967e-16,833,1.20924e+53,116,0,53,0,25,0
640,860,2.41967e-16,951,1.64517e+54,117,0,53,0,26,0
641,718,2.41967e-16,835,3.07681e+53,115,0,53,0,26,0
642,888,2.41967e-16,932,3.95598e+53,116,0,54,0,26,0
643,715,2.41967e-16,833,3.13178e+54,115,0,62,0,26,0
644,745,2.41967e-16,839,2.6498e+55,116,0,53,0,26,0
645,725,2.41967e-16,832,2.83573e+55,114,0,68,0,62,0
646,771,2.41967e-16,944,2.27807e+56,166,0,72,0,36,0
647,914,2.41967e-16,896,2.63619e+56,121,0,53,0,27,0
648,728,2.41967e-16,846,2.30061e+57,116,0,53,0,26,0
649,737,2.41967e-16,874,7.8665e+56,117,0,53,0,26,0
650,733,2.41967e-16,848,2.45872e+57,142,0,53,0,37,0
651,965,2.41967e-16,1069,7.24296e+57,161,0,71,0,30,0
652,780,2.41967e-16,850,9.28879e+58,115,0,71,0,26,0
653,735,2.41967e-16,850,3.36999e+58,116,0,53,0,26,0
654,735,2.41967e-16,855,1.15517e+59,116,0,53,0,26,0
655,770,2.41967e-16,852,2.89396e+59,134,0,53,0,27,0
656,736,2.41967e-16,872,3.57969e+60,115,0,56,0,26,0
657,839,2.41967e-16,861,6.74501e+59,117,0,53,0,27,0
658,749,2.41967e-16,858,1.29685e+60,116,0,53,0,26,0
659,735,2.41967e-16,851,5.41623e+60,115,0,72,0,41,0
660,862,2.41967e-16,870,4.84267e+61,115,0,54,0,26,0
661,748,2.41967e-16,854,2.72109e+61,115,0,53,0,32,0
662,742,2.41967e-16,856,1.46697e+62,190,0,79,0,26,0
663,745,2.41967e-16,880,2.00234e+62,119,0,52,0,25,0
664,737,2.41967e-16,941,2.08959e+63,138,0,56,0,27,0
665,797,2.41967e-16,947,3.90508e+62,116,0,52,0,26,0
666,749,2.41967e-16,861,8.26107e+62,115,0,53,0,27,0
667,760,2.41967e-16,861,2.76093e+63,115,0,53,0,26,0
668,743,2.41967e-16,997,2.3386e+64,165,0,111,0,47,0
669,834,2.41967e-16,875,1.06054e+64,116,0,54,0,27,0
670,753,2.41967e-16,888,5.13525e+64,116,0,53,0,26,0
671,749,2.41967e-16,865,6.89181e+64,116,0,53,0,26,0
672,753,2.41967e-16,971,6.98685e+65,117,0,53,0,27,0
673,754,2.41967e-16,874,9.47813e+64,119,0,53,0,26,0
674,984,2.41967e-16,932,1.4391e+65,116,0,53,0,26,0
675,759,2.41967e-16,1006,5.8727e+65,117,0,54,0,26,0
676,754,2.41967e-16,882,3.33667e+66,117,0,53,0,26,0
677,759,2.41967e-16,944,1.9642e+66,131,0,54,0,29,0
678,762,2.41967e-16,881,1.25752e+67,116,0,53,0,26,0
679,769,2.41967e-16,968,1.07395e+67,115,0,53,0,27,0
680,757,2.41967e-16,881,8.93432e+67,115,0,52,0,26,0
681,771,2.41967e-16,1034,1.7601e+67,118,0,53,0,27,0
682,787,2.41967e-16,904,4.66242e+67,115,0,53,0,26,0
683,763,2.41967e-16,888,9.69238e+67,115,0,53,0,26,0
684,764,2.41967e-16,993,7.56709e+68,160,0,72,0,26,0
685,1020,2.41967e-16,964,2.15087e+68,129,0,55,0,29,0
686,866,2.41967e-16,884,8.1177e+68,116,0,53,0,26,0
687,762,2.41967e-16,900,1.1003e+69,115,0,53,0,25,0
688,767,2.41967e-16,890,9.51542e+69,115,0,53,0,26,0
689,766,2.41967e-16,912,1.14005e+69,116,0,52,0,26,0
690,797,2.41967e-16,1219,1.90374e+69,143,0,53,0,27,0
691,787,2.41967e-16,938,5.53483e+69,116,0,53,0,27,0
692,771,2.41967e-16,893,2.66666e+70,130,0,53,0,26,0
693,784,2.41967e-16,894,1.15107e+70,116,0,53,0,26,0
694,777,2.41967e-16,903,6.4636e+70,116,0,53,0,26,0
695,801,2.41967e-16,900,4.90662e+70,189,0,87,0,36,0
696,1068,2.41967e-16,956,3.81718e+71,117,0,53,0,27,0
697,799,2.41967e-16,902,5.67958e+70,127,0,52,0,26,0
698,927,2.41967e-16,942,1.35488e+71,143,0,53,0,27,0
699,783,2.41967e-16,938,2.44657e+71,115,0,53,0,26,0
700,786,2.41967e-16,899,1.41804e+72,115,0,54,0,26,0
701,976,2.41967e-16,1181,3.69091e+71,117,0,54,0,26,0
702,784,2.41967e-16,931,1.47752e+72,116,0,53,0,25,0
703,833,2.41967e-16,907,1.46139e+72,115,0,53,0,26,0
704,783,2.41967e-16,912,1.06924e+73,116,0,53,0,26,0
705,791,2.41967e-16,909,1.00748e+72,116,0,54,0,26,0
706,796,2.41967e-16,1270,1.37086e+72,158,0,60,0,27,0
707,794,2.41967e-16,938,3.83642e+72,114,0,53,0,26,0
708,787,2.41967e-16,909,1.19706e+73,115,0,53,0,26,0
709,797,2.41967e-16,931,5.28533e+72,115,0,53,0,26,0
710,796,2.41967e-16,913,3.20586e+73,116,0,54,0,26,0
711,812,2.41967e-16,1151,1.5937e+73,159,0,73,0,36,0
712,983,2.41967e-16,937,1.02258e+74,116,0,53,0,26,0
713,794,2.41967e-16,916,1.58394e+73,116,0,53,0,26,0
714,798,2.41967e-16,933,4.53222e+73,117,0,53,0,26,0
715,948,2.41967e-16,960,5.34655e+73,117,0,54,0,27,0
716,820,2.41967e-16,927,2.85359e+74,191,0,87,0,36,0
717,1087,2.41967e-16,1187,4.89497e+73,175,0,77,0,36,0
718,830,2.41967e-16,932,1.57573e+74,116,0,52,0,26,0
719,1039,2.41967e-16,997,1.54253e+74,117,0,53,0,26,0
720,808,2.41967e-16,1119,8.46624e+74,164,0,74,0,38,0
721,1025,2.41967e-16,1336,7.84941e+73,162,0,64,0,38,0
722,960,2.41967e-16,994,1.44704e+74,132,0,71,0,36,0
723,957,2.41967e-16,935,2.36638e+74,117,0,54,0,27,0
724,810,2.41967e-16,944,7.81853e+74,115,0,52,0,26,0
725,819,2.41967e-16,931,2.01591e+74,115,0,53,0,26,0
726,811,2.41967e-16,1298,9.24252e+74,161,0,72,0,36,0
727,1014,2.41967e-16,935,5.20533e+74,115,0,52,0,26,0
728,825,2.41967e-16,933,3.05291e+75,118,0,53,0,26,0
729,810,2.41967e-16,941,2.90213e+74,116,0,53,0,26,0
730,814,2.41967e-16,939,6.03652e+74,144,0,52,0,26,0
731,822,2.41967e-16,1196,7.77548e+74,160,0,71,0,35,0
732,956,2.41967e-16,936,2.57259e+75,142,0,52,0,26,0
733,814,2.41967e-16,933,5.22154e+74,115,0,53,0,26,0
734,816,2.41967e-16,947,2.10819e+75,113,0,53,0,26,0
735,818,2.41967e-16,938,1.22631e+75,113,0,53,0,26,0
736,829,2.41967e-16,1072,6.36665e+75,159,0,72,0,36,0
737,1116,2.41967e-16,1108,4.48125e+74,116,0,53,0,27,0
738,919,2.41967e-16,991,6.6103e+74,122,0,66,0,28,0
739,881,2.41967e-16,957,1.07181e+75,117,0,53,0,27,0
740,833,2.41967e-16,967,2.29147e+75,116,0,52,0,26,0
741,831,2.41967e-16,1085,6.23134e+74,135,0,52,0,27,0
742,914,2.41967e-16,994,2.99377e+75,123,0,53,0,27,0
743,829,2.41967e-16,989,1.10196e+75,116,0,53,0,26,0
744,838,2.41967e-16,952,5.58192e+75,117,0,56,0,35,0
745,835,2.41967e-16,970,5.56178e+74,119,0,53,0,26,0
746,828,2.41967e-16,1012,1.39215e+75,165,0,53,0,27,0
747,853,2.41967e-16,963,1.17084e+75,116,0,53,0,26,0
748,842,2.41967e-16,974,3.72093e+75,117,0,74,0,26,0
749,848,2.41967e-16,966,4.94733e+74,117,0,53,0,26,0
750,859,2.41967e-16,1075,1.59875e+75,209,0,81,0,27,0
751,848,2.41967e-16,989,9.46183e+74,174,0,89,0,33,0
752,841,2.41967e-16,974,3.57972e+75,116,0,53,0,26,0
753,852,2.41967e-16,978,2.29063e+74,116,0,53,0,26,0
754,900,2.41967e-16,984,3.78176e+74,115,0,52,0,26,0
755,866,2.41967e-16,981,4.3567e+74,115,0,52,0,27,0
756,868,2.41967e-16,1001,8.40716e+74,116,0,53,0,26,0
757,1181,2.41967e-16,989,1.65326e+74,117,0,53,0,27,0
758,876,2.41967e-16,974,6.80936e+74,115,0,53,0,27,0
759,849,2.41967e-16,971,2.36459e+74,116,0,61,0,26,0
760,859,2.41967e-16,973,1.00019e+75,116,0,53,0,26,0
761,848,2.41967e-16,978,7.46388e+73,115,0,56,0,27,0
762,1186,2.41967e-16,1299,1.61733e+74,127,0,53,0,27,0
763,848,2.41967e-16,977,1.2535e+74,115,0,53,0,26,0
764,858,2.41967e-16,983,2.85434e+74,116,0,53,0,26,0
765,863,2.41967e-16,981,3.6808e+73,116,0,53,0,26,0
766,890,2.41967e-16,977,1.23401e+74,120,0,70,0,35,0
767,1178,2.41967e-16,1090,5.28254e+73,116,0,53,0,27,0
768,861,2.41967e-16,987,1.76127e+74,115,0,53,0,26,0
769,866,2.41967e-16,1001,8.98038e+72,116,0,53,0,26,0
770,860,2.41967e-16,1050,1.14222e+73,115,0,53,0,26,0
771,864,2.41967e-16,1018,1.36667e+73,203,0,72,0,35,0
772,1183,2.41967e-16,1012,1.65967e+73,117,0,53,0,27,0
773,865,2.41967e-16,1002,3.60639e+72,128,0,61,0,27,0
774,868,2.41967e-16,990,1.38648e+73,116,0,53,0,26,0
775,872,2.41967e-16,990,3.04689e+72,116,0,53,0,26,0
776,867,2.41967e-16,1148,1.14609e+73,159,0,71,0,35,0
777,1049,2.41967e-16,1008,9.46266e+71,117,0,53,0,27,0
778,888,2.41967e-16,1012,2.46306e+72,115,0,53,0,26,0
779,869,2.41967e-16,1000,1.21557e+72,124,0,52,0,26,0
780,874,2.41967e-16,995,2.78127e+72,115,0,53,0,26,0
781,871,2.41967e-16,1346,2.28432e+71,160,0,72,0,36,0
782,1185,2.41967e-16,1100,6.01857e+71,116,0,53,0,26,0
783,870,2.41967e-16,1019,2.74051e+71,115,0,53,0,26,0
784,888,2.41967e-16,1174,6.10753e+71,169,0,69,0,36,0
785,1252,2.41967e-16,1556,3.15531e+70,171,0,101,0,37,0
786,927,2.41967e-16,1115,5.65893e+70,118,0,54,0,27,0
787,926,2.41967e-16,1037,3.80226e+70,116,0,54,0,27,0
788,973,2.41967e-16,1099,5.38269e+70,115,0,53,0,26,0
789,884,2.41967e-16,1019,6.45447e+69,116,0,53,0,26,0
790,890,2.41967e-16,1119,2.06505e+70,121,0,54,0,25,0
791,893,2.41967e-16,1006,5.65209e+69,117,0,54,0,27,0
792,888,2.41967e-16,1002,1.54343e+70,142,0,52,0,26,0
793,889,2.41967e-16,1149,7.58944e+68,117,0,54,0,27,0
794,912,2.41967e-16,1021,1.38084e+69,115,0,52,0,26,0
795,887,2.41967e-16,1364,8.14823e+68,164,0,72,0,38,0
796,1099,2.41967e-16,1029,1.06997e+69,117,0,53,0,27,0
797,930,2.41967e-16,1020,1.13853e+68,115,0,53,0,26,0
798,887,2.41967e-16,1023,3.42024e+68,115,0,53,0,28,0
799,884,2.41967e-16,1037,8.83256e+67,115,0,53,0,26,0
800,1161,2.41967e-16,1233,2.13935e+68,117,0,53,0,27,0
801,897,2.41967e-16,1054,8.51943e+66,116,0,53,0,26,0
802,897,2.41967e-16,1010,1.237e+67,115,0,53,0,26,0
803,919,2.41967e-16,1023,8.31712e+66,116,0,53,0,26,0
804,903,2.41967e-16,1031,7.88543e+66,117,0,70,0,64,0
805,1184,2.41967e-16,1104,1.00164e+66,116,0,52,0,26,0
806,918,2.41967e-16,1169,2.90626e+66,164,0,72,0,36,0
807,1118,2.41967e-16,1066,5.38391e+65,116,0,53,0,26,0
808,913,2.41967e-16,1028,1.36365e+66,116,0,66,0,26,0
809,900,2.41967e-16,1454,6.91427e+64,122,0,54,0,27,0
810,960,2.41967e-16,1031,1.42818e+65,117,0,53,0,26,0
811,902,2.41967e-16,1036,5.71064e+64,117,0,53,0,26,0
812,903,2.41967e-16,1031,7.35451e+64,115,0,53,0,26,0
813,918,2.41967e-16,1031,5.31157e+63,137,0,62,0,32,0
814,1202,2.41967e-16,1173,1.34453e+64,116,0,53,0,26,0
815,913,2.41967e-16,1034,3.55937e+63,114,0,53,0,26,0
816,926,2.41967e-16,1152,6.03634e+63,117,0,53,0,27,0
817,1049,2.41967e-16,1235,2.12163e+62,158,0,53,0,27,0
818,1005,2.41967e-16,1329,3.09271e+62,159,0,72,0,36,0
819,1240,2.41967e-16,1174,1.66296e+62,115,0,53,0,26,0
820,926,2.41967e-16,1230,1.33064e+62,162,0,71,0,37,0
821,1066,2.41967e-16,1122,1.38461e+61,117,0,54,0,27,0
822,923,2.41967e-16,1118,3.48563e+61,169,0,72,0,35,0
823,1239,2.41967e-16,1147,5.62082e+60,137,0,54,0,27,0
824,987,2.41967e-16,1048,1.16093e+61,116,0,53,0,28,0
825,927,2.41967e-16,1058,4.94309e+59,117,0,54,0,26,0
826,916,2.41967e-16,1045,9.47685e+59,116,0,54,0,25,0
827,936,2.41967e-16,1463,3.2529e+59,140,0,53,0,27,0
828,1017,2.41967e-16,1072,3.32618e+59,116,0,53,0,27,0
829,917,2.41967e-16,1049,2.13127e+58,116,0,53,0,26,0
830,955,2.41967e-16,1059,4.94265e+58,118,0,69,0,46,0
831,1079,2.41967e-16,1123,1.06425e+58,222,0,71,0,36,0
832,1214,2.41967e-16,1084,1.51595e+58,116,0,53,0,27,0
833,931,2.41967e-16,1054,4.48366e+56,115,0,53,0,26,0
834,933,2.41967e-16,1330,5.68044e+56,130,0,56,0,35,0
835,1023,2.41967e-16,1077,2.86955e+56,115,0,53,0,26,0
836,1005,2.41967e-16,1302,1.67481e+56,117,0,68,0,28,0
837,942,2.41967e-16,1093,1.71017e+55,117,0,52,0,26,0
838,1031,2.41967e-16,1059,3.54199e+55,117,0,53,0,27,0
839,940,2.41967e-16,1054,4.22423e+54,125,0,53,0,26,0
840,933,2.41967e-16,1059,7.85646e+54,116,0,66,0,60,0
841,1303,2.41967e-16,1356,3.29157e+53,119,0,53,0,27,0
842,941,2.41967e-16,1120,6.38926e+53,116,0,52,0,26,0
843,946,2.41967e-16,1070,1.62011e+53,114,0,53,0,26,0
844,958,2.41967e-16,1064,1.53374e+53,115,0,52,0,26,0
845,946,2.41967e-16,1506,7.36576e+51,159,0,71,0,35,0
846,1031,2.41967e-16,1087,1.49199e+52,117,0,53,0,26,0
847,968,2.41967e-16,1078,3.08207e+51,117,0,53,0,26,0
848,960,2.41967e-16,1080,3.22735e+51,116,0,53,0,26,0
849,947,2.41967e-16,1086,9.16281e+49,134,0,69,0,33,0
850,1305,2.41967e-16,1292,1.35416e+50,138,0,54,0,28,0
851,954,2.41967e-16,1217,4.60095e+49,134,0,71,0,27,0
852,1002,2.41967e-16,1087,2.76093e+49,117,0,54,0,26,0
853,953,2.41967e-16,1091,1.88978e+48,116,0,54,0,26,0
854,1138,2.41967e-16,1357,3.61473e+48,115,0,52,0,26,0
855,962,2.41967e-16,1108,4.65205e+47,116,0,52,0,26,0
856,971,2.41967e-16,1099,6.15876e+47,115,0,53,0,26,0
857,954,2.41967e-16,1079,1.83795e+46,116,0,53,0,26,0
858,963,2.41967e-16,1456,2.95747e+46,146,0,67,0,32,0
859,989,2.41967e-16,1093,7.87834e+45,117,0,53,0,26,0
860,978,2.41967e-16,1113,5.02424e+45,115,0,53,0,26,0
861,958,2.41967e-16,1087,2.67223e+44,115,0,53,0,26,0
862,969,2.41967e-16,1123,4.91832e+44,136,0,54,0,27,0
863,1183,2.41967e-16,1504,6.90594e+43,118,0,53,0,27,0
864,976,2.41967e-16,1112,7.28665e+43,119,0,53,0,33,0
865,1246,2.41967e-16,1124,1.69009e+42,117,0,54,0,26,0
866,998,2.41967e-16,1102,2.07941e+42,117,0,56,0,26,0
867,976,2.41967e-16,1495,7.1534e+41,117,0,53,0,27,0
868,970,2.41967e-16,1109,2.99653e+41,115,0,52,0,26,0
869,1041,2.41967e-16,1149,2.1851e+40,115,0,53,0,26,0
870,1049,2.41967e-16,1187,3.297e+40,121,0,58,0,27,0
871,1031,2.41967e-16,1338,2.98111e+39,149,0,71,0,35,0
872,1305,2.41967e-16,1122,3.81008e+39,119,0,53,0,26,0
873,974,2.41967e-16,1123,1.18658e+38,115,0,53,0,26,0
874,994,2.41967e-16,1102,1.93861e+38,116,0,53,0,25,0
875,994,2.41967e-16,1137,3.64269e+37,117,0,53,0,25,0
876,1286,2.41967e-16,1228,2.31738e+37,132,0,54,0,27,0
877,985,2.41967e-16,1127,8.74174e+35,118,0,53,0,26,0
878,995,2.41967e-16,1112,1.43981e+36,114,0,53,0,26,0
879,987,2.41967e-16,1123,2.09654e+35,115,0,53,0,26,0
880,974,2.41967e-16,1301,1.55902e+35,159,0,70,0,35,0
881,1138,2.41967e-16,1117,3.41698e+33,116,0,53,0,26,0
882,992,2.41967e-16,1162,4.53009e+33,117,0,53,0,26,0
883,988,2.41967e-16,1131,1.13469e+33,133,0,53,0,26,0
884,985,2.41967e-16,1108,4.66191e+32,128,0,103,0,34,0
885,1302,2.41967e-16,1130,2.4838e+31,116,0,53,0,27,0
886,990,2.41967e-16,1164,3.4772e+31,120,0,53,0,26,0
887,997,2.41967e-16,1116,3.21246e+30,116,0,53,0,26,0
888,1007,2.41967e-16,1127,3.04443e+30,115,0,54,0,26,0
889,990,2.41967e-16,1387,7.29077e+28,115,0,53,0,26,0
890,1013,2.41967e-16,1175,1.04508e+29,117,0,54,0,27,0
891,1029,2.41967e-16,1203,1.96515e+28,127,0,60,0,29,0
892,1080,2.41967e-16,1194,9.09483e+27,126,0,54,0,31,0
893,1023,2.41967e-16,1393,3.58134e+26,161,0,71,0,35,0
894,1347,2.41967e-16,1256,5.08595e+26,116,0,53,0,28,0
895,1020,2.41967e-16,1129,5.45757e+25,114,0,66,0,34,0
896,1034,2.41967e-16,1182,3.93734e+25,116,0,53,0,26,0
897,1029,2.41967e-16,1305,7.22135e+23,160,0,72,0,35,0
898,1184,2.41967e-16,1153,7.89467e+23,125,0,54,0,26,0
899,999,2.41967e-16,1154,2.11402e+23,116,0,66,0,26,0
900,1005,2.41967e-16,1130,5.94636e+22,116,0,53,0,26,0
901,1018,2.41967e-16,1130,3.57508e+21,116,0,53,0,26,0
902,1207,2.41967e-16,1155,3.70622e+21,118,0,54,0,27,0
903,1010,2.41967e-16,1150,2.34175e+20,128,0,53,0,27,0
904,1016,2.41967e-16,1136,2.26477e+20,114,0,52,0,26,0
905,1076,2.41967e-16,1505,5.97981e+18,122,0,58,0,29,0
906,1242,2.41967e-16,1576,8.17135e+18,158,0,71,0,36,0
907,1265,2.41967e-16,1202,1.05999e+18,117,0,53,0,26,0
908,1015,2.41967e-16,1143,5.17119e+17,115,0,53,0,26,0
909,1023,2.41967e-16,1171,1.41422e+16,115,0,52,0,26,0
910,1139,2.41967e-16,1566,1.87113e+16,159,0,72,0,36,0
911,1158,2.41967e-16,1179,2.20281e+15,138,0,53,0,27,0
912,1046,2.41967e-16,1167,1.09452e+15,133,0,53,0,27,0
913,1033,2.41967e-16,1153,2.02025e+13,115,0,53,0,25,0
914,1042,2.41967e-16,1580,2.49378e+13,158,0,71,0,37,0
915,1104,2.41967e-16,1197,4.3131e+12,124,0,53,0,26,0
916,1059,2.41967e-16,1178,1.38722e+12,116,0,53,0,26,0
917,1027,2.41967e-16,1148,5.29983e+10,115,0,53,0,26,0
918,1043,2.41967e-16,1457,5.75932e+10,116,0,53,0,26,0
919,1023,2.41967e-16,1178,4.39774e+09,116,0,52,0,26,0
920,1058,2.41967e-16,1166,2.81532e+09,116,0,53,0,26,0
921,1024,2.41967e-16,1160,5.15419e+07,115,0,53,0,26,0
922,1043,2.41967e-16,1193,6.26832e+07,186,0,99,0,38,0
923,1176,2.41967e-16,1205,9.53443e+06,118,0,53,0,27,0
924,1040,2.41967e-16,1186,3.02073e+06,116,0,53,0,27,0
925,1040,2.41967e-16,1188,101896,151,0,56,0,26,0
926,1073,2.41967e-16,1164,107011,115,0,53,0,26,0
927,1222,2.41967e-16,1185,8186.96,116,0,53,0,27,0
928,1042,2.41967e-16,1175,4593.58,116,0,53,0,26,0
929,1093,2.41967e-16,1464,71.0045,163,0,73,0,36,0
930,1109,2.41967e-16,1177,77.3395,114,0,53,0,26,0
931,1197,2.41967e-16,1381,13.8989,164,0,73,0,38,0
932,1097,2.41967e-16,1255,3.27695,117,0,53,0,27,0
933,1049,2.41967e-16,1200,0.136239,116,0,53,0,27,0
934,1044,2.41967e-16,1170,0.114024,115,0,53,0,26,0
935,1190,2.41967e-16,1275,0.00640966,125,0,56,0,26,0
936,1087,2.41967e-16,1229,0.00413774,116,0,53,0,26,0
937,1071,2.41967e-16,1228,7.96235e-05,116,0,53,0,26,0
938,1315,2.41967e-16,1238,9.02796e-05,125,0,56,0,28,0
939,1105,2.41967e-16,1274,1.01596e-05,113,0,56,0,25,0
940,1057,2.41967e-16,1173,3.30725e-06,117,0,53,0,26,0
941,1048,2.41967e-16,1187,8.30452e-08,117,0,53,0,26,0
942,1049,2.41967e-16,1183,8.41422e-08,116,0,53,0,26,0
943,1056,2.41967e-16,1285,6.86196e-09,131,0,54,0,27,0
944,1075,2.41967e-16,1208,2.83385e-09,118,0,53,0,27,0
945,1058,2.41967e-16,1201,4.11445e-11,115,0,53,0,26,0
946,1055,2.41967e-16,1184,4.36427e-11,115,0,52,0,26,0
947,1063,2.41967e-16,1188,6.52255e-12,116,0,52,0,26,0
948,1202,2.41967e-16,1201,1.43015e-12,116,0,53,0,27,0
949,1068,2.41967e-16,1200,5.01907e-14,118,0,52,0,26,0
950,1071,2.41967e-16,1193,3.73536e-14,117,0,53,0,26,0
951,1077,2.41967e-16,1343,2.14748e-15,133,0,72,0,27,0
952,1281,2.41967e-16,1196,1.10147e-15,116,0,53,0,27,0
953,1060,2.41967e-16,1201,1.25887e-16,115,0,52,0,26,0
954,1066,2.41967e-16,1195,7.0965e-16,115,0,52,0,26,0
955,1093,2.41967e-16,1215,4.61587e-16,116,0,53,0,26,0
956,1157,2.41967e-16,1144,0,115,0,53,0,26,0
957,1062,2.41967e-16,1053,0,116,0,52,0,26,0
958,1137,2.41967e-16,1063,0,115,0,53,0,26,0
959,1087,2.41967e-16,1203,4.29988e-16,114,0,54,0,26,0
960,1083,2.41967e-16,1323,6.28037e-16,115,0,56,0,26,0
961,1083,2.41967e-16,1226,1.18688e-16,131,0,53,0,26,0
962,1109,2.41967e-16,1212,5.87475e-16,135,0,54,0,26,0
963,1081,2.41967e-16,1200,5.70752e-16,116,0,53,0,26,0
964,1089,2.41967e-16,1205,5.87475e-16,115,0,95,0,35,0
965,1330,2.41967e-16,1286,1.51298e-16,116,0,53,0,27,0
966,1079,2.41967e-16,1246,5.69207e-16,116,0,53,0,26,0
967,1080,2.41967e-16,1205,1.73016e-16,116,0,53,0,26,0
968,1093,2.41967e-16,1257,5.62986e-16,117,0,53,0,26,0
969,1236,2.41967e-16,1223,9.3831e-17,116,0,53,0,26,0
970,1084,2.41967e-16,1262,7.32843e-16,116,0,53,0,26,0
971,1361,2.41967e-16,1245,3.95873e-16,117,0,54,0,27,0
972,1091,2.41967e-16,1278,7.14595e-16,116,0,53,0,31,0
973,1206,2.41967e-16,628,0,117,0,53,0,27,0
974,1092,2.41967e-16,876,0,116,0,53,0,26,0
975,1326,2.41967e-16,873,0,117,0,53,0,27,0
976,1107,2.41967e-16,864,0,116,0,53,0,26,0
977,1093,2.41967e-16,892,0,181,0,88,0,28,0
978,1124,2.41967e-16,1064,0,115,0,53,0,30,0
979,1192,2.41967e-16,868,0,116,0,54,0,27,0
980,1102,2.41967e-16,1018,0,114,0,53,0,26,0
981,1097,2.41967e-16,563,0,115,0,53,0,26,0
982,1111,2.41967e-16,759,0,145,0,65,0,27,0
983,1265,2.41967e-16,565,0,117,0,53,0,26,0
984,1102,2.41967e-16,570,0,116,0,54,0,26,0
985,1117,2.41967e-16,862,0,115,0,53,0,26,0
986,1144,2.41967e-16,571,0,115,0,53,0,26,0
987,1112,2.41967e-16,715,0,120,0,69,0,33,0
988,1243,2.41967e-16,715,0,116,0,53,0,26,0
989,1136,2.41967e-16,752,0,116,0,53,0,26,0
990,1139,2.41967e-16,572,0,162,0,72,0,34,0
991,1316,2.41967e-16,986,0,157,0,74,0,36,0
992,1412,2.41967e-16,1226,0,163,0,70,0,38,0
993,1431,2.41967e-16,1334,0,190,0,75,0,36,0
994,1515,2.41967e-16,788,0,166,0,72,0,38,0
995,1521,2.41967e-16,755,0,167,0,76,0,38,0
996,1596,2.41967e-16,749,0,163,0,73,0,37,0
997,1349,2.41967e-16,458,0,144,0,54,0,27,0
998,1109,2.41967e-16,448,0,116,0,56,0,26,0
999,1123,2.41967e-16,456,0,116,0,54,0,26,0
